title,intro
[[0.22408694 0.56768116 0.38635015 0.026019   0.70722209]
[0.70880205 0.16977285 0.93377913 0.74782541 0.47708166]
[0.16344032 0.18469872 0.12505202 0.11931664 0.4841847 ]
[0.51136433 0.65409585 0.30572442 0.58680388 0.44005849]
[0.88479356 0.17721557 0.25194562 0.50465193 0.21393013]]
